Cement,BlastFurnaceSlag,FlyAsh,Water,Superplasticizer,CoarseAggregate,FineAggregate,Age,ConcreteCompressiveStrength
252,0,0,185,0,1111,784,7,13.71
295.799988,0,0,185.699997,0,1091.400024,769.299988,7,14.84
252.300003,0,98.800003,146.300003,14.2,987.799988,889,3,21.780001
172.399994,13.6,172.399994,156.800003,4.1,1006.299988,856.400024,28,33.689999
162,214,164,202,10,820,680,28,30.65
446,24,79,162,11.6,967,712,56,55.25
540,0,0,173,0,1125,613,14,59.759998
154.800003,0,142.800003,193.300003,9.1,1047.400024,696.700012,28,12.46
167.399994,129.899994,128.600006,175.5,7.8,1006.299988,746.599976,56,51.720001
277,0,0,191,0,968,856,14,21.26
251.399994,0,118.300003,192.899994,5.8,1043.599976,754.299988,100,40.150002
382,0,0,186,0,1047,739,7,24
153,102,0,192,0,888,943.099976,28,17.959999
400,0,0,187,0,1025,745,7,30.139999
397,0,0,186,0,1040,734,28,36.939999
275.100006,0,121.400002,159.5,9.9,1053.599976,777.5,56,56.849998
154,144,112,220,10,923,658,28,16.5
116,173,0,192,0,909.799988,891.900024,90,31.02
387,20,94,157,13.9,938,845,56,47.970001
387,20,94,157,14.3,938,845,7,36.84
288,121,0,177,7,908,829,28,42.130001
350,0,0,186,0,1050,770,7,20.280001
158.800003,238.199997,0,185.699997,0,1040.599976,734.299988,28,21.07
439,177,0,186,11.1,884.900024,707.900024,3,39.299999
192,288,0,192,0,929.799988,716.099976,90,50.73
149,118,92,183,7,953,780,28,23.52
173.5,50.099998,173.5,164.800003,6.5,1006.200012,793.5,3,23.08
313.299988,145,0,178.5,8,1001.900024,688.700012,28,41.049999
173.800003,93.400002,159.899994,172.300003,9.7,1007.200012,746.599976,28,37.810001
165,128.5,132.100006,175.100006,8.1,1005.799988,746.599976,14,33.09
237.5,237.5,0,228,0,932,594,7,26.26
491,26,123,210,3.9,882,699,28,55.549999
167,75.400002,167,164,7.9,1007.299988,770.099976,100,56.810001
276.399994,116,90.300003,179.600006,8.9,870.099976,768.299988,28,44.279999
330.5,169.600006,0,194.899994,8.1,811,802.299988,28,56.619999
288,192,0,192,0,932,717.799988,90,50.529999
229.699997,0,118.199997,195.199997,6.1,1028.099976,757.599976,28,24.540001
350,0,0,203,0,974,775,180,32.720001
333,0,0,192,0,931.200012,842.599976,28,31.969999
310,143,0,168,10,914,804,28,45.299999
135,0,166,180,10,961,805,28,13.29
255,0,0,192,0,889.799988,945,3,8.2
427.5,47.5,0,228,0,932,594,180,41.84
376,0,0,214.600006,0,1003.5,762.400024,3,16.280001
168,42.099998,163.800003,121.800003,5.7,1058.699951,780.099976,3,7.75
102,153,0,192,0,887,942,28,17.280001
425,106.300003,0,153.5,16.5,852.099976,887.099976,7,49.200001
165,128.5,132.100006,175.100006,8.1,1005.799988,746.599976,28,46.389999
389.899994,189,0,145.899994,22,944.700012,755.799988,91,82.599998
172.399994,13.6,172.399994,156.800003,4.1,1006.299988,856.400024,14,29.75
277.200012,97.800003,24.5,160.699997,11.2,1061.699951,782.5,3,30.450001
380,95,0,228,0,932,594,7,32.82
266,112,87,178,10,910,745,28,39.419998
401.799988,94.699997,0,147.399994,11.4,946.799988,852.099976,3,41.099998
135.699997,203.5,0,185.699997,0,1076.199951,759.299988,7,7.51
238.100006,0,94.099998,186.699997,7,949.900024,847,28,30.23
279.799988,128.899994,100.400002,172.399994,9.5,825.099976,804.900024,28,52.830002
281,0,0,185,0,1104,774,28,22.440001
374,189.199997,0,170.100006,10.1,926.099976,756.700012,28,61.09
251.399994,0,118.300003,188.5,5.8,1028.400024,757.700012,3,17.219999
375,93.800003,0,126.599998,23.4,852.099976,992.599976,56,60.200001
142,167,130,174,11,883,785,28,44.610001
164,0,200,181,13,849,846,28,15.09
272.799988,105.099998,81.800003,209.699997,9,904,679.700012,28,37.169998
233.800003,0,94.599998,197.899994,4.6,947,852.200012,56,27.66
446,24,79,162,11.6,967,712,28,51.02
212.5,0,100.400002,159.300003,8.7,1007.799988,903.599976,14,26.309999
500,0,0,200,0,1125,613,90,47.220001
236,157,0,192,0,972.599976,749.099976,7,20.42
190.699997,0,125.400002,162.100006,7.8,1090,804,100,40.57
304,76,0,228,0,932,670,28,47.810001
238,0,0,186,0,1119,789,7,12.05
342,38,0,228,0,932,670,270,55.060001
304,76,0,228,0,932,670,270,54.380001
362.600006,189,0,164.899994,11.6,944.700012,755.799988,91,79.300003
173.5,50.099998,173.5,164.800003,6.5,1006.200012,793.5,56,53.77
307,0,0,193,0,968,812,28,27.530001
401.799988,94.699997,0,147.399994,11.4,946.799988,852.099976,56,73.699997
151.600006,0,111.900002,184.399994,7.9,992,815.900024,28,12.18
359,19,141,154,10.9,942,801,28,62.939999
355,19,97,145,12.3,967,871,28,55.450001
108.300003,162.399994,0,203.5,0,938.200012,849,90,29.23
331,0,0,192,0,1025,821,7,17.440001
212,0,124.800003,159,7.8,1085.400024,799.5,3,19.52
382.5,0,0,185.699997,0,1047.800049,739.299988,28,37.439999
231.800003,0,121.599998,174,6.7,1056.400024,778.5,3,15.44
252,0,0,186,0,1111,784,7,11.47
425,106.300003,0,151.399994,18.6,936,803.700012,91,66.699997
156,178,187,221,7,854,614,28,29.41
178,129.800003,118.599998,179.899994,3.6,1007.299988,746.799988,14,34.240002
310,0,0,192,0,1012,830,3,11.85
310,0,0,192,0,970,850,180,37.330002
349,0,0,192,0,1047,806,90,39.490002
393,0,0,192,0,940.599976,785.599976,90,48.849998
286.299988,200.899994,0,144.699997,11.2,1004.599976,803.700012,7,38
165,128.5,132.100006,175.100006,8.1,1005.799988,746.599976,56,53.720001
313,145,0,127,8,1000,822,28,44.52
439,177,0,186,11.1,884.900024,707.900024,7,56.099998
166,259.700012,0,183.199997,12.7,858.799988,826.799988,28,37.919998
237.5,237.5,0,228,0,932,594,90,33.119999
540,0,0,173,0,1125,613,270,74.169998
212,0,124.800003,159,7.8,1085.400024,799.5,28,38.5
190.300003,0,125.199997,161.899994,9.9,1088.099976,802.599976,56,38.560001
275.100006,0,121.400002,159.5,9.9,1053.599976,777.5,100,58.610001
252.300003,0,98.800003,146.300003,14.2,987.799988,889,14,42.290001
168,42.099998,163.800003,121.800003,5.7,1058.699951,780.099976,14,17.82
166.100006,0,163.300003,176.5,4.5,1058.599976,780.099976,100,33.540001
277,0,0,191,0,968,856,3,11.36
218.199997,54.599998,123.800003,140.800003,11.9,1075.699951,792.700012,100,63.529999
326,166,0,174,9,882,790,28,61.23
143,169.399994,142.699997,190.699997,8.4,967.400024,643.5,28,29.73
236,157,0,192,0,972.599976,749.099976,28,32.880001
290.200012,193.5,0,185.699997,0,998.200012,704.299988,7,21.860001
321,0,128,182,11,870,780,28,37.259998
198.600006,132.399994,0,192,0,978.400024,825.5,180,41.720001
218.199997,54.599998,123.800003,140.800003,11.9,1075.699951,792.700012,56,61.990002
225,0,0,181,0,1113,833,7,11.17
297,0,0,186,0,1040,734,7,30.959999
246.800003,0,125.099998,143.300003,12,1086.800049,800.900024,14,42.220001
141.300003,212,0,203.5,0,971.799988,748.5,7,10.39
213.800003,98.099998,24.5,181.699997,6.7,1066,785.5,56,47.130001
305.299988,203.5,0,203.5,0,965.400024,631,90,54.599998
212.5,0,100.400002,159.300003,8.7,1007.799988,903.599976,56,42.549999
491,26,123,210,3.9,882,699,3,25.610001
342,38,0,228,0,932,670,180,52.119999
251.800003,0,99.900002,146.100006,12.4,1006,899.799988,14,33.360001
198.600006,132.399994,0,192,0,978.400024,825.5,7,14.64
304,76,0,228,0,932,670,365,55.259998
505,0,60,195,0,1030,630,28,64.019997
425,106.300003,0,153.5,16.5,852.099976,887.099976,28,60.290001
165,0,143.600006,163.800003,0,1005.599976,900.900024,3,14.4
183.899994,122.599998,0,203.5,0,959.200012,800,28,24.049999
382,0,0,186,0,1047,739,28,37.419998
203.5,305.299988,0,203.5,0,963.400024,630,28,41.68
213.699997,98.099998,24.5,181.699997,6.9,1065.800049,785.400024,100,53.900002
500,0,0,200,0,1125,613,270,55.16
540,0,0,162,2.5,1040,676,28,79.989998
275,0,0,183,0,1088,808,7,14.2
297.200012,0,117.5,174.800003,9.5,1022.799988,753.5,3,21.91
469,117.199997,0,137.800003,32.200001,852.099976,840.5,91,70.699997
139.899994,132.600006,103.300003,200.300003,7.4,916,753.400024,28,36.439999
321.299988,164.199997,0,190.5,4.6,870,774,28,57.220001
397,0,0,185.699997,0,1040.599976,734.299988,7,25.450001
190,190,0,228,0,932,670,270,50.66
475,118.800003,0,181.100006,8.9,852.099976,781.5,7,55.599998
366,187,0,191.300003,6.6,824.299988,756.900024,28,65.910004
380,95,0,228,0,932,594,90,40.560001
213.5,0,174.199997,159.199997,11.7,1043.599976,771.900024,3,15.61
310,0,0,192,0,970,850,360,38.110001
425,106.300003,0,153.5,16.5,852.099976,887.099976,56,64.300003
325.600006,166.399994,0,174,8.9,881.599976,790,28,61.240002
439,177,0,186,11.1,884.900024,707.900024,91,73.300003
295.700012,0,95.599998,171.5,8.9,955.099976,859.200012,100,52.040001
254,0,0,198,0,968,863,3,9.31
469,117.199997,0,137.800003,32.200001,852.099976,840.5,3,40.200001
252.5,0,0,185.699997,0,1111.599976,784.299988,7,11.48
143.699997,170.199997,132.600006,191.600006,8.5,814.099976,805.299988,28,29.870001
425,106.300003,0,151.399994,18.6,936,803.700012,3,36.299999
302,0,0,203,0,974,817,14,18.129999
249.100006,0,98.800003,158.100006,12.8,987.799988,889,3,15.36
134.699997,0,165.699997,180.199997,10,961,804.900024,28,13.29
500,0,0,200,0,1125,613,1,12.64
425,106.300003,0,153.5,16.5,852.099976,887.099976,3,33.400002
298,0,107,164,13,953,784,28,35.860001
212,141.300003,0,203.5,0,973.400024,750,3,6.81
145,0,179,202,8,824,869,28,10.54
313,0,113,178,8,1002,689,28,36.799999
222.399994,0,96.699997,189.300003,4.5,967.099976,870.299988,3,11.58
297.200012,0,117.5,174.800003,9.5,1022.799988,753.5,28,47.400002
362.600006,189,0,164.899994,11.6,944.700012,755.799988,91,79.300003
296,0,0,186,0,1090,769,28,25.18
425,106.300003,0,153.5,16.5,852.099976,887.099976,56,64.300003
144,170,133,192,8,814,805,28,29.870001
310,143,111,168,22,914,651,28,33.689999
339,0,0,197,0,968,781,3,13.22
500,0,0,200,0,1125,613,28,44.09
375,93.800003,0,126.599998,23.4,852.099976,992.599976,28,56.700001
528,0,0,185,6.9,920,720,28,56.830002
266,114,0,228,0,932,670,180,48.700001
362.600006,189,0,164.899994,11.6,944.700012,755.799988,56,77.300003
145.699997,172.600006,0,181.899994,3.4,985.799988,816.799988,28,23.74
277,0,0,191,0,968,856,90,31.25
275.100006,0,121.400002,159.5,9.9,1053.599976,777.5,14,38.77
183.899994,122.599998,0,203.5,0,959.200012,800,3,4.9
314,145,113,179,8,869,690,28,46.23
178,129.800003,118.599998,179.899994,3.6,1007.299988,746.799988,56,48.59
374,189.199997,0,170.100006,10.1,926.099976,756.700012,56,63.400002
424,22,132,178,8.5,822,750,7,39
425,106.300003,0,151.399994,18.6,936,803.700012,28,61.799999
234,156,0,189,5.9,981,760,28,39.299999
297.200012,0,117.5,174.800003,9.5,1022.799988,753.5,14,36.990002
153,239,0,200,6,1002,684,28,26.860001
326.5,0,137.899994,199,10.8,801.099976,792.5,28,38.630001
446,24,79,162,11.6,967,712,56,56.139999
516,0,0,162,8.2,801,802,28,41.369999
385,0,0,186,0,966,763,3,14.7
491,26,123,201,3.9,822,699,3,29.549999
261,100,78,201,9,864,761,28,32.400002
250,0,0,182,0,1100,820,28,20.870001
250,0,95.699997,187.399994,5.5,956.900024,861.200012,3,13.82
307,0,0,193,0,968,812,3,12.54
212,0,124.800003,159,7.8,1085.400024,799.5,100,47.82
272.799988,181.899994,0,185.699997,0,1012.400024,714.299988,7,19.77
322,0,0,203,0,974,800,14,20.77
255,0,0,192,0,889.799988,945,28,18.75
146.5,114.599998,89.300003,201.899994,8.8,860,829.5,28,19.99
225,0,0,181,0,1113,833,28,17.34
132,207,161,179,5,867,736,28,33.299999
159.800003,250,0,168.399994,12.2,1049.300049,688.200012,28,39.459999
331,0,0,192,0,1025,821,28,31.74
339,0,0,185,0,1060,754,28,31.65
150,236.800003,0,173.800003,11.9,1069.300049,674.799988,28,37.43
480,0,0,192,0,936.200012,712.200012,28,43.939999
172.399994,13.6,172.399994,156.800003,4.1,1006.299988,856.400024,56,35.849998
349,0,0,192,0,1056,809,90,40.66
194.699997,0,100.5,165.600006,7.5,1006.400024,905.900024,3,12.45
393,0,0,192,0,940,758,3,19.110001
321.399994,0,127.900002,182.5,11.5,870.099976,779.700012,28,37.27
183.899994,122.599998,0,203.5,0,959.200012,800,90,32.529999
214.899994,53.799999,121.900002,155.600006,9.6,1014.299988,780.599976,56,53.959999
310,0,0,192,0,1012,830,120,38.700001
439,177,0,186,11.1,884.900024,707.900024,28,66
356,119,0,160,9,1061,657,28,59
387,20,94,157,13.9,938,845,7,45.900002
250,0,95.699997,187.399994,5.5,956.900024,861.200012,100,42.349998
238.199997,158.800003,0,185.699997,0,1040.599976,734.299988,7,15.69
318.799988,212.5,0,155.699997,14.3,852.099976,880.400024,56,66.099998
212.600006,0,100.400002,159.399994,10.4,1003.799988,903.799988,100,47.740002
190.300003,0,125.199997,161.899994,9.9,1088.099976,802.599976,14,22.719999
252.300003,0,98.800003,146.300003,14.2,987.799988,889,56,55.830002
153,102,0,192,0,888,943.099976,7,8.37
162,190.100006,148.100006,178.800003,18.799999,838.099976,741.400024,28,33.759998
389.899994,189,0,145.899994,22,944.700012,755.799988,56,79.400002
298,137,107,201,6,878,655,28,53.52
152,0,112,184,8,992,816,28,12.18
246.800003,0,125.099998,143.300003,12,1086.800049,800.900024,3,23.52
168.899994,42.200001,124.300003,158.300003,10.8,1080.800049,796.200012,14,23.51
388.600006,97.099998,0,157.899994,12.1,852.099976,925.700012,91,57.599998
388.600006,97.099998,0,157.899994,12.1,852.099976,925.700012,56,55.200001
213.699997,0,174.699997,154.800003,10.2,1053.5,776.400024,100,50.080002
141.300003,212,0,203.5,0,971.799988,748.5,3,4.83
148.5,139.399994,108.599998,192.699997,6.1,892.400024,780,28,23.700001
108.300003,162.399994,0,203.5,0,938.200012,849,3,2.33
181.399994,0,167,169.600006,7.6,1055.599976,777.799988,56,35.57
272.799988,181.899994,0,185.699997,0,1012.400024,714.299988,28,31.379999
144,15,195,176,6,1021,709,28,15.34
286.299988,200.899994,0,144.699997,11.2,1004.599976,803.700012,3,24.4
251.399994,0,118.300003,188.5,5.8,1028.400024,757.700012,14,29.93
251.399994,0,118.300003,192.899994,5.8,1043.599976,754.299988,56,39.27
296,0,107,221,11,819,778,28,31.42
326,0,138,199,11,801,792,28,40.68
261.899994,110.5,86.099998,195.399994,5,895.200012,732.599976,28,33.720001
140,164,128,237,6,869,656,28,35.23
190.300003,0,125.199997,161.899994,9.9,1088.099976,802.599976,28,28.469999
147,115,89,202,9,860,829,28,19.99
296,0,106.699997,221.399994,10.5,819.200012,778.400024,28,31.42
310,0,0,192,0,970,850,28,27.92
387,20,94,157,11.6,938,845,7,41.669998
305.299988,203.5,0,203.5,0,965.400024,631,3,14.14
155,183,0,193,9,1047,697,28,18.280001
387,20,94,157,14.3,938,845,28,50.240002
212.600006,0,100.400002,159.399994,10.4,1003.799988,903.799988,56,44.400002
376,0,0,214.600006,0,1003.5,762.400024,14,25.620001
277.200012,97.800003,24.5,160.699997,11.2,1061.699951,782.5,56,66.82
166.800003,250.199997,0,203.5,0,975.599976,692.599976,3,6.9
190.699997,0,125.400002,162.100006,7.8,1090,804,3,15.04
255.5,170.300003,0,185.699997,0,1026.599976,724.299988,7,17.24
214.899994,53.799999,121.900002,155.600006,9.6,1014.299988,780.599976,28,52.200001
141.300003,212,0,203.5,0,971.799988,748.5,28,29.889999
154.800003,183.399994,0,193.300003,9.1,877.200012,867.700012,28,23.790001
446,24,79,162,11.6,967,712,3,25.02
331,0,0,192,0,978,825,90,37.23
446,24,79,162,11.6,967,712,7,38.02
156,243,0,180,11,1022,698,28,37.360001
289,0,0,192,0,913.200012,895.299988,7,14.6
262,111,86,195,5,895,733,28,33.720001
190.699997,0,125.400002,162.100006,7.8,1090,804,28,26.4
166.800003,250.199997,0,203.5,0,975.599976,692.599976,28,33.950001
491,26,123,201,3.9,822,699,56,61.860001
333,17.5,163,167,17.9,996,652,28,47.279999
231.800003,0,121.599998,174,6.7,1056.400024,778.5,56,42.700001
236,0,0,194,0,968,885,14,12.84
387,20,94,157,14.3,938,845,56,56.34
155,183,0,193,9,877,868,28,23.790001
531.299988,0,0,141.800003,28.200001,852.099976,893.700012,28,56.400002
272.600006,0,89.599998,198.699997,10.6,931.299988,762.200012,28,32.25
446,24,79,162,11.6,967,712,28,57.029999
184,86,190,213,6,923,623,28,22.93
255.300003,98.800003,77,188.600006,6.5,919,749.299988,28,33.799999
425,106.300003,0,153.5,16.5,852.099976,887.099976,7,49.200001
522,0,0,146,0,896,896,7,50.509998
322,0,116,196,10,818,813,28,31.18
297.200012,0,117.5,174.800003,9.5,1022.799988,753.5,56,51.959999
290.399994,0,96.199997,168.100006,9.4,961.200012,865,56,45.080002
500,0,0,140,4,966,853,28,67.57
213.5,0,174.199997,154.600006,11.7,1052.300049,775.5,14,33.700001
172.399994,13.6,172.399994,156.800003,4.1,1006.299988,856.400024,100,37.68
173.800003,93.400002,159.899994,172.300003,9.7,1007.200012,746.599976,3,15.82
168,42.099998,163.800003,121.800003,5.7,1058.699951,780.099976,56,32.849998
168.899994,42.200001,124.300003,158.300003,10.8,1080.800049,796.200012,3,7.4
469,117.199997,0,137.800003,32.200001,852.099976,840.5,28,66.900002
332.5,142.5,0,228,0,932,594,365,41.049999
166.100006,0,163.300003,176.5,4.5,1058.599976,780.099976,3,10.76
310,0,0,192,0,1012,830,90,35.759998
249.100006,0,98.800003,158.100006,12.8,987.799988,889,14,28.68
305.299988,203.5,0,203.5,0,965.400024,631,7,25.889999
520,0,0,170,5.2,855,855,28,60.279999
143,169,143,191,8,967,643,28,29.719999
491,26,123,201,3.9,822,699,28,57.919998
250.199997,166.800003,0,203.5,0,977.599976,694.099976,3,9.73
173.800003,93.400002,159.899994,172.300003,9.7,1007.200012,746.599976,100,50.939999
252.300003,0,98.800003,146.300003,14.2,987.799988,889,28,50.599998
202,11,141,206,1.7,942,801,7,15.07
148,0,137,158,16,1002,830,28,17.950001
362.600006,189,0,164.899994,11.6,944.700012,755.799988,28,71.300003
516,0,0,162,8.3,801,802,28,41.369999
213.5,0,174.199997,159.199997,11.7,1043.599976,771.900024,14,29.59
160,250,0,168,12,1049,688,28,39.450001
314,145.300003,113.199997,178.899994,8,869.099976,690.200012,28,46.23
266,114,0,228,0,932,670,28,45.849998
167,75.400002,167,164,7.9,1007.299988,770.099976,28,41.41
424,22,132,168,8.9,822,750,3,32.110001
251.800003,0,99.900002,146.100006,12.4,1006,899.799988,56,44.139999
475,118.800003,0,181.100006,8.9,852.099976,781.5,56,72.300003
154.800003,183.399994,0,193.300003,9.1,1047.400024,696.700012,28,18.290001
239.600006,359.399994,0,185.699997,0,941.599976,664.299988,28,39.439999
379.5,151.199997,0,153.899994,15.9,1134.300049,605,28,52.200001
133,200,0,192,0,927.400024,839.200012,7,13.66
313.799988,0,112.599998,169.899994,10.1,925.299988,782.900024,28,38.459999
194.699997,0,100.5,170.199997,7.5,998,901.799988,14,24.280001
181.399994,0,167,169.600006,7.6,1055.599976,777.799988,100,45.369999
393,0,0,192,0,940.599976,785.599976,28,39.599998
385,0,0,186,0,966,763,1,6.27
202,11,141,206,1.7,942,801,28,21.969999
276,116,90,180,9,870,768,28,44.279999
427.5,47.5,0,228,0,932,594,28,37.43
233.800003,0,94.599998,197.899994,4.6,947,852.200012,100,34.560001
427.5,47.5,0,228,0,932,594,90,41.540001
236,0,0,194,0,968,885,3,6.47
362.600006,189,0,164.899994,11.6,944.700012,755.799988,28,71.300003
153,145,113,178,8,867,824,28,26.23
322,0,0,203,0,974,800,28,25.18
339,0,0,197,0,968,781,7,20.969999
350,0,0,186,0,1050,770,28,34.290001
218.899994,0,124.099998,158.5,11.3,1078.699951,794.900024,28,30.219999
108.300003,162.399994,0,203.5,0,938.200012,849,7,7.72
350,0,0,203,0,974,775,14,22.530001
337.899994,189,0,174.899994,9.5,944.700012,755.799988,7,35.099998
312.899994,160.5,0,177.600006,9.6,916.599976,759.5,28,52.450001
203.5,135.699997,0,185.699997,0,1076.199951,759.299988,7,11.96
325,0,0,184,0,1063,783,28,30.57
400,0,0,187,0,1025,745,28,43.700001
266.200012,112.300003,87.5,177.899994,10.4,909.700012,744.5,28,39.419998
182,45.200001,122,170.199997,8.2,1059.400024,780.700012,3,7.32
277.100006,0,97.400002,160.600006,11.8,973.900024,875.599976,3,23.139999
213.5,0,174.199997,154.600006,11.7,1052.300049,775.5,56,51.43
424,22,132,168,8.9,822,750,56,74.360001
485,0,0,146,0,1120,800,28,71.989998
136,162,126,172,10,923,764,28,29.07
153,102,0,192,0,888,943.099976,3,4.78
200,200,0,190,0,1145,660,28,49.25
362.600006,189,0,164.899994,11.6,944.700012,755.799988,28,71.300003
152,178,139,168,18,944,695,28,36.349998
275.100006,0,121.400002,159.5,9.9,1053.599976,777.5,28,51.330002
251.399994,0,118.300003,192.899994,5.8,1043.599976,754.299988,14,20.73
331,0,0,192,0,1025,821,90,37.91
446,24,79,162,11.6,967,712,56,61.07
323.700012,282.799988,0,183.800003,10.3,942.700012,659.900024,56,80.199997
491,26,123,201,3.9,822,699,7,37.919998
182,45.200001,122,170.199997,8.2,1059.400024,780.700012,14,21.5
316.100006,210.699997,0,185.699997,0,977,689.299988,28,38.700001
236,0,0,193,0,968,885,180,24.1
154.800003,0,142.800003,193.300003,9.1,877.200012,867.700012,28,9.74
212.600006,0,100.400002,159.399994,10.4,1003.799988,903.799988,14,25.370001
190,190,0,228,0,932,670,28,40.860001
350,0,0,203,0,974,775,7,18.129999
141.300003,212,0,203.5,0,971.799988,748.5,90,39.66
194.699997,0,100.5,170.199997,7.5,998,901.799988,100,44.279999
200,0,0,180,0,1125,845,28,12.25
246.800003,0,125.099998,143.300003,12,1086.800049,800.900024,28,52.5
220.800003,147.199997,0,185.699997,0,1055,744.299988,7,13.09
525,0,0,189,0,1125,613,3,33.799999
139.600006,209.399994,0,192,0,1047,806.900024,3,8.06
318.799988,212.5,0,155.699997,14.3,852.099976,880.400024,91,68.099998
181.399994,0,167,169.600006,7.6,1055.599976,777.799988,3,13.62
198.600006,132.399994,0,192,0,978.400024,825.5,360,44.299999
475,0,0,228,0,932,594,7,38.599998
387,20,94,157,11.6,938,845,28,46.68
349,0,0,192,0,1056,809,3,15.87
249.100006,0,98.800003,158.100006,12.8,987.799988,889,28,30.85
307,0,0,193,0,968,812,180,34.490002
162,190,148,179,19,838,741,28,33.759998
375,93.800003,0,126.599998,23.4,852.099976,992.599976,3,29
251.399994,0,118.300003,188.5,5.8,1028.400024,757.700012,28,29.65
531.299988,0,0,141.800003,28.200001,852.099976,893.700012,91,59.200001
277.100006,0,97.400002,160.600006,11.8,973.900024,875.599976,100,55.639999
190.300003,0,125.199997,161.899994,9.9,1088.099976,802.599976,3,9.45
229.699997,0,118.199997,195.199997,6.1,1028.099976,757.599976,3,13.36
469,117.199997,0,137.800003,32.200001,852.099976,840.5,56,69.300003
401.799988,94.699997,0,147.399994,11.4,946.799988,852.099976,7,54.099998
212.600006,0,100.400002,159.399994,10.4,1003.799988,903.799988,28,37.400002
446,24,79,162,11.6,967,712,7,39.299999
374,189.199997,0,170.100006,10.1,926.099976,756.700012,7,46.200001
266,114,0,228,0,932,670,270,51.73
339,0,0,197,0,968,781,14,27.040001
387,20,94,157,11.6,938,845,3,34.77
144,0,175,158,18,943,844,28,15.42
375,0,0,186,0,1038,758,28,38.209999
136.399994,161.600006,125.800003,171.600006,10.4,922.599976,764.400024,28,29.07
158.399994,0,194.899994,219.699997,11,897.700012,712.900024,28,8.54
254,0,0,198,0,968,863,180,27.629999
318.799988,212.5,0,155.699997,14.3,852.099976,880.400024,7,33.400002
203.5,305.299988,0,203.5,0,963.400024,630,3,9.56
139.600006,209.399994,0,192,0,1047,806.900024,7,14.59
222.399994,0,96.699997,189.300003,4.5,967.099976,870.299988,100,40.709999
165,0,143.600006,163.800003,0,1005.599976,900.900024,56,36.560001
284,15,141,179,5.5,842,801,7,24.129999
173.800003,93.400002,159.899994,172.300003,9.7,1007.200012,746.599976,14,29.549999
165,128.5,132.100006,175.100006,8.1,1005.799988,746.599976,100,55.02
259.899994,100.599998,78.400002,170.600006,10.4,935.700012,762.900024,28,49.77
376,0,0,214.600006,0,1003.5,762.400024,28,31.969999
381.399994,0,0,185.699997,0,1104.599976,784.299988,7,14.54
339.200012,0,0,185.699997,0,1069.199951,754.299988,28,31.9
425,106.300003,0,153.5,16.5,852.099976,887.099976,56,64.300003
331,0,0,192,0,1025,821,3,14.31
168.899994,42.200001,124.300003,158.300003,10.8,1080.800049,796.200012,56,39.150002
333,0,0,192,0,931.200012,842.599976,3,15.62
375,0,0,186,0,1038,758,7,26.059999
250,0,0,182,0,1100,820,7,12.73
500,0,0,200,0,1125,613,180,51.040001
525,0,0,189,0,1125,613,7,42.419998
295,0,0,185,0,1069,769,28,25.18
255.5,170.300003,0,185.699997,0,1026.599976,724.299988,28,32.049999
194.699997,0,100.5,170.199997,7.5,998,901.799988,3,12.18
525,0,0,189,0,1125,613,14,48.400002
238.100006,0,94.099998,186.699997,7,949.900024,847,3,19.93
322,149,0,186,8,951,709,28,52.419998
193.5,290.200012,0,185.699997,0,998.200012,704.299988,28,32.630001
287,121,94,188,9,904,696,28,41.939999
153.100006,145,113,178.5,8,1001.900024,688.700012,28,25.559999
251.399994,0,118.300003,192.899994,5.8,1043.599976,754.299988,28,33.27
366,187,0,191,7,824,757,28,65.910004
165,0,143.600006,163.800003,0,1005.599976,900.900024,100,37.959999
266,114,0,228,0,932,670,365,52.91
233.800003,0,94.599998,197.899994,4.6,947,852.200012,3,10.38
190.300003,0,125.199997,166.600006,9.9,1079,798.900024,3,12.55
254,0,0,198,0,968,863,90,26.940001
173.800003,93.400002,159.899994,172.300003,9.7,1007.200012,746.599976,56,48.990002
212.600006,0,100.400002,159.399994,10.4,1003.799988,903.799988,3,13.33
339,0,0,185,0,1069,754,28,31.84
213.699997,0,174.699997,154.800003,10.2,1053.5,776.400024,14,33.73
166.100006,0,163.300003,176.5,4.5,1058.599976,780.099976,14,25.48
313.299988,262.200012,0,175.5,8.6,1046.900024,611.799988,3,28.799999
252,0,0,185,0,1111,784,28,19.690001
469,117.199997,0,137.800003,32.200001,852.099976,840.5,7,54.900002
194.699997,0,100.5,165.600006,7.5,1006.400024,905.900024,56,33.959999
250.199997,166.800003,0,203.5,0,977.599976,694.099976,90,47.709999
313.299988,262.200012,0,175.5,8.6,1046.900024,611.799988,28,59.799999
380,95,0,228,0,932,594,270,41.150002
339.200012,0,0,185.699997,0,1069.199951,754.299988,7,21.18
446,24,79,162,11.6,967,712,3,23.35
212,141.300003,0,203.5,0,973.400024,750,28,33
238.100006,0,94.099998,186.699997,7,949.900024,847,100,44.299999
310,0,0,192,0,970,850,90,34.68
237.5,237.5,0,228,0,932,594,28,30.08
273,0,90,199,11,931,762,28,32.240002
313.299988,145,0,178.5,8,867.200012,824,28,40.93
389.899994,189,0,145.899994,22,944.700012,755.799988,7,59.09
379.5,151.199997,0,153.899994,15.9,1134.300049,605,56,54.900002
331,0,0,192,0,978,825,7,16.26
275,0,0,183,0,1088,808,28,24.5
385,0,0,186,0,966,763,14,27.92
298.200012,0,107,209.699997,11.1,879.599976,744.200012,28,31.879999
246.800003,0,125.099998,143.300003,12,1086.800049,800.900024,100,66.419998
203.5,305.299988,0,203.5,0,963.400024,630,7,19.540001
387,20,94,157,13.9,938,845,28,46.68
525,0,0,189,0,1125,613,270,67.110001
525,0,0,189,0,1125,613,90,58.779999
135.699997,203.5,0,185.699997,0,1076.199951,759.299988,28,18.200001
150,237,0,174,12,1069,675,28,37.43
166.800003,250.199997,0,203.5,0,975.599976,692.599976,7,15.75
475,118.800003,0,181.100006,8.9,852.099976,781.5,28,68.300003
500,0,0,151,9,1033,655,28,69.839996
229.699997,0,118.199997,195.199997,6.1,1028.099976,757.599976,14,22.32
133,200,0,192,0,927.400024,839.200012,90,36.59
500,0,0,200,0,1125,613,14,36.939999
102,153,0,192,0,887,942,90,25.459999
229.699997,0,118.199997,195.199997,6.1,1028.099976,757.599976,100,40.860001
339,0,0,197,0,968,781,90,35.169998
331,0,0,192,0,978,825,180,39
160,188,146,203,11,829,710,28,32.84
218.199997,54.599998,123.800003,140.800003,11.9,1075.699951,792.700012,28,55.509998
165,0,150,182,12,1023,729,28,18.030001
332.5,142.5,0,228,0,932,594,28,33.02
236,0,0,194,0,968,885,28,18.42
379.5,151.199997,0,153.899994,15.9,1134.300049,605,3,28.6
290.200012,193.5,0,185.699997,0,998.200012,704.299988,28,33.040001
310,0,0,192,0,1012,830,28,27.83
159,209,161,201,7,848,669,28,30.879999
249.100006,0,98.800003,158.100006,12.8,987.799988,889,100,51.060001
250,0,95.699997,191.800003,5.3,948.900024,857.200012,28,27.219999
374,189.199997,0,170.100006,10.1,926.099976,756.700012,3,34.400002
238.100006,0,94.099998,186.699997,7,949.900024,847,14,25.690001
277,0,0,191,0,968,856,28,25.969999
102,153,0,192,0,887,942,7,7.68
374,0,0,190,7,1013,730,28,39.049999
182,45.200001,122,170.199997,8.2,1059.400024,780.700012,100,48.669998
147.800003,175.100006,0,171.199997,2.2,1000,828.5,28,26.92
213.5,0,174.199997,154.600006,11.7,1052.300049,775.5,28,45.939999
375,93.800003,0,126.599998,23.4,852.099976,992.599976,91,62.5
198.600006,132.399994,0,192,0,978.400024,825.5,3,9.13
296,0,0,192,0,1085,765,7,14.2
296,0,0,192,0,1085,765,90,29.389999
475,0,0,162,9.5,1044,662,28,58.52
190,190,0,228,0,932,670,90,42.330002
251.800003,0,99.900002,146.100006,12.4,1006,899.799988,28,33.939999
284,15,141,179,5.5,842,801,3,13.4
158.800003,238.199997,0,185.699997,0,1040.599976,734.299988,7,9.62
332.5,142.5,0,228,0,932,594,7,30.280001
122.599998,183.899994,0,203.5,0,958.200012,800.099976,3,3.32
173.5,50.099998,173.5,164.800003,6.5,1006.200012,793.5,100,56.060001
212.100006,0,121.599998,180.300003,5.7,1057.599976,779.299988,14,20.92
202,11,141,206,1.7,942,801,3,9.85
200,0,0,180,0,1125,845,7,7.84
166.100006,0,163.300003,176.5,4.5,1058.599976,780.099976,28,21.540001
266,114,0,228,0,932,670,90,47.029999
237.5,237.5,0,228,0,932,594,365,39
380,95,0,228,0,932,594,365,43.700001
151.800003,178.100006,138.699997,167.5,18.299999,944,694.599976,28,36.349998
475,0,0,228,0,932,594,365,41.93
295.700012,0,95.599998,171.5,8.9,955.099976,859.200012,14,35.23
540,0,0,173,0,1125,613,180,71.620003
446,24,79,162,11.6,967,712,3,35.360001
157,236,0,192,0,935.400024,781.200012,3,9.69
425,106.300003,0,153.5,16.5,852.099976,887.099976,3,33.400002
218.199997,54.599998,123.800003,140.800003,11.9,1075.699951,792.700012,14,35.959999
250,0,95.699997,187.399994,5.5,956.900024,861.200012,56,38.330002
172.399994,13.6,172.399994,156.800003,4.1,1006.299988,856.400024,3,21.290001
155,0,143,193,9,877,868,28,9.74
168,42.099998,163.800003,121.800003,5.7,1058.699951,780.099976,28,24.24
287.299988,120.5,93.900002,187.600006,9.2,904.400024,695.900024,28,43.799999
212.5,0,100.400002,159.300003,8.7,1007.799988,903.599976,28,31.639999
480,0,0,192,0,936.200012,712.200012,3,24.4
277,116.800003,91,190.600006,7,946.5,665.599976,28,43.580002
349,0,0,192,0,1047,806,3,14.99
298,0,107,186,6,879,815,28,42.639999
359,19,141,154,10.9,942,801,56,68.75
304,76,0,228,0,932,670,180,50.950001
362.600006,189,0,164.899994,11.6,944.700012,755.799988,3,35.299999
388.600006,97.099998,0,157.899994,12.1,852.099976,925.700012,3,28.1
446,24,79,162,11.6,967,712,28,44.419998
300,0,120,212,10,878,728,28,23.84
290.399994,0,96.199997,168.100006,9.4,961.200012,865,3,22.5
212.100006,0,121.599998,180.300003,5.7,1057.599976,779.299988,56,34.200001
424,22,132,178,8.5,882,750,3,32.009998
135,105,193,196,6,965,643,28,21.91
349,0,0,192,0,1047,806,28,32.720001
312.700012,0,0,178.100006,8,999.700012,822.200012,28,25.1
385,0,0,186,0,966,763,28,31.35
190.300003,0,125.199997,166.600006,9.9,1079,798.900024,14,19.42
322,0,0,203,0,974,800,180,29.59
178,129.800003,118.599998,179.899994,3.6,1007.299988,746.799988,100,49.990002
297.799988,137.199997,106.900002,201.300003,6,878.400024,655.299988,28,53.52
143.800003,136.300003,106.199997,178.100006,7.5,941.5,774.299988,28,26.15
427.5,47.5,0,228,0,932,594,270,43.009998
220.800003,147.199997,0,185.699997,0,1055,744.299988,28,25.75
150.699997,0,185.300003,166.699997,15.6,1074.5,678,28,13.46
425,106.300003,0,153.5,16.5,852.099976,887.099976,91,65.199997
397,0,0,185,0,1040,734,28,39.09
385,0,0,186,0,966,763,7,23.219999
350,0,0,203,0,974,775,28,27.34
145.399994,0,178.899994,201.699997,7.8,824,868.700012,28,10.54
359,19,141,154,10.9,942,801,28,59.490002
213.699997,98.099998,24.5,181.699997,6.9,1065.800049,785.400024,3,18
339,0,0,185,0,1069,754,7,21.16
446,24,79,162,10.3,967,712,56,54.77
333,0,0,192,0,931.200012,842.599976,90,41.68
236,0,0,193,0,968,885,7,9.99
286.299988,200.899994,0,144.699997,11.2,1004.599976,803.700012,91,76.800003
425,106.300003,0,153.5,16.5,852.099976,887.099976,91,65.199997
159.100006,186.699997,0,175.600006,11.3,989.599976,788.900024,28,32.77
155,184,143,194,9,880,699,28,28.99
349,0,0,192,0,1056,809,7,9.01
140,133,103,200,7,916,753,28,36.439999
153,145,113,178,8,1002,689,28,25.559999
332.5,142.5,0,228,0,932,594,270,40.27
387,20,94,157,13.9,938,845,3,25.51
531.299988,0,0,141.800003,28.200001,852.099976,893.700012,7,46.900002
540,0,0,173,0,1125,613,7,52.610001
168.899994,42.200001,124.300003,158.300003,10.8,1080.800049,796.200012,100,48.150002
362.600006,189,0,164.899994,11.6,944.700012,755.799988,7,55.900002
213.5,0,174.199997,159.199997,11.7,1043.599976,771.900024,100,52.959999
167,75.400002,167,164,7.9,1007.299988,770.099976,56,53.459999
380,95,0,228,0,932,594,28,36.450001
286.299988,200.899994,0,144.699997,11.2,1004.599976,803.700012,28,67.699997
318.799988,212.5,0,155.699997,14.3,852.099976,880.400024,28,55.5
500,0,0,200,0,1125,613,7,33.209999
218.199997,54.599998,123.800003,140.800003,11.9,1075.699951,792.700012,3,27.42
231.800003,0,121.599998,174,6.7,1056.400024,778.5,100,45.84
255,0,0,192,0,889.799988,945,90,21.860001
164,163,128,197,8,961,641,28,27.23
154,174,185,228,7,845,612,28,24.34
424,22,132,168,8.9,822,750,28,72.099998
250,0,95.699997,191.800003,5.3,948.900024,857.200012,14,24.66
149,139,109,193,6,892,780,28,23.690001
316.100006,210.699997,0,185.699997,0,977,689.299988,7,24.440001
277.100006,0,97.400002,160.600006,11.8,973.900024,875.599976,14,41.889999
446,24,79,162,10.3,967,712,28,53.389999
475,0,0,228,0,932,594,28,39.290001
139.600006,209.399994,0,192,0,1047,806.900024,180,44.209999
273,105,82,210,9,904,680,28,37.169998
212,0,124.800003,159,7.8,1085.400024,799.5,56,45.080002
157,236,0,192,0,935.400024,781.200012,28,33.66
170.300003,155.5,0,185.699997,0,1026.599976,724.299988,7,10.73
312.700012,144.699997,0,127.300003,8,999.700012,822.200012,28,44.52
238,0,0,185,0,1118,789,28,17.540001
237.5,237.5,0,228,0,932,594,270,38.41
296,0,0,186,0,1090,769,7,18.91
181.899994,272.799988,0,185.699997,0,1012.400024,714.299988,7,12.37
252,0,0,185,0,1111,784,28,19.690001
255,0,0,192,0,889.799988,945,7,10.22
401.799988,94.699997,0,147.399994,11.4,946.799988,852.099976,91,75.5
299.799988,0,119.800003,211.5,9.9,878.200012,727.599976,28,23.84
289,134,0,195,6,924,760,28,46.240002
148,175,0,171,2,1000,828,28,26.92
166.800003,250.199997,0,203.5,0,975.599976,692.599976,90,43.57
252.5,0,0,185.699997,0,1111.599976,784.299988,28,19.77
349,0,0,192,0,1047,806,7,18.129999
213.699997,98.099998,24.5,181.699997,6.9,1065.800049,785.400024,14,30.389999
540,0,0,162,2.5,1055,676,28,61.889999
166.100006,0,163.300003,176.5,4.5,1058.599976,780.099976,56,28.629999
178,129.800003,118.599998,179.899994,3.6,1007.299988,746.799988,3,20.73
210.699997,316.100006,0,185.699997,0,977,689.299988,7,21.82
153,102,0,192,0,888,943.099976,90,26.32
190.300003,0,125.199997,161.899994,9.9,1088.099976,802.599976,100,40.389999
277.200012,97.800003,24.5,160.699997,11.2,1061.699951,782.5,28,63.139999
500,0,0,200,0,1125,613,3,26.059999
307,0,0,193,0,968,812,365,36.150002
194.699997,0,100.5,165.600006,7.5,1006.400024,905.900024,14,24.99
337.899994,189,0,174.899994,9.5,944.700012,755.799988,28,49.900002
230,0,118.300003,195.5,4.6,1029.400024,758.599976,3,10.03
213.699997,0,174.699997,154.800003,10.2,1053.5,776.400024,3,17.57
480,0,0,192,0,936.200012,712.200012,90,54.32
314,0,113,170,10,925,783,28,38.459999
425,106.300003,0,153.5,16.5,852.099976,887.099976,7,49.200001
305,0,100,196,10,959,705,28,30.120001
362.600006,189,0,164.899994,11.6,944.700012,755.799988,3,35.299999
213.5,0,174.199997,154.600006,11.7,1052.300049,775.5,100,59.299999
313,145,0,178,8,1002,689,28,41.049999
285,190,0,163,7.6,1031,685,28,53.580002
288,192,0,192,0,932,717.799988,28,38.799999
230,0,118.300003,195.5,4.6,1029.400024,758.599976,28,24.48
288,192,0,192,0,932,717.799988,7,23.52
212,141.300003,0,203.5,0,973.400024,750,90,39.700001
190.300003,0,125.199997,166.600006,9.9,1079,798.900024,56,31.719999
520,0,0,175,5.2,870,805,28,51.02
304,76,0,228,0,932,670,90,49.189999
309.899994,142.800003,111.199997,167.800003,22.1,913.900024,651.200012,28,38.220001
289,133.699997,0,194.899994,5.5,924.099976,760.099976,28,46.25
153.600006,144.199997,112.300003,220.100006,10.1,923.200012,657.900024,28,16.5
238.100006,0,0,185.699997,0,1118.800049,789.299988,28,17.58
295.700012,0,95.599998,171.5,8.9,955.099976,859.200012,56,48.720001
252,97,76,194,8,835,821,28,33.400002
186.199997,124.099998,0,185.699997,0,1083.400024,764.299988,28,17.6
173.5,50.099998,173.5,164.800003,6.5,1006.200012,793.5,14,33.009998
148.100006,0,136.600006,158.100006,16.1,1001.799988,830.099976,28,17.959999
540,0,0,173,0,1125,613,3,41.639999
331,0,0,192,0,978,825,28,31.450001
213.800003,98.099998,24.5,181.699997,6.7,1066,785.5,100,49.970001
277,0,0,191,0,968,856,180,32.330002
233.800003,0,94.599998,197.899994,4.6,947,852.200012,14,22.139999
203.5,305.299988,0,203.5,0,963.400024,630,90,51.860001
297.200012,0,117.5,174.800003,9.5,1022.799988,753.5,100,56.740002
203.5,135.699997,0,185.699997,0,1076.199951,759.299988,28,22.629999
164.199997,0,200.100006,181.199997,12.6,849.299988,846,28,15.09
182,45.200001,122,170.199997,8.2,1059.400024,780.700012,56,43.5
222.399994,0,96.699997,189.300003,4.5,967.099976,870.299988,28,24.889999
522,0,0,146,0,896,896,28,74.989998
380,0,0,228,0,932,670,90,52.91
362.600006,189,0,164.899994,11.6,944.700012,755.799988,56,77.300003
194.699997,0,100.5,165.600006,7.5,1006.400024,905.900024,28,25.719999
300,0,0,184,0,1075,795,7,15.58
277.200012,97.800003,24.5,160.699997,11.2,1061.699951,782.5,100,66.949997
382,0,0,186,0,1111,784,7,11.47
322.5,148.600006,0,185.800003,8.5,951,709.5,28,52.43
337.899994,189,0,174.899994,9.5,944.700012,755.799988,91,67.800003
382,0,0,185,0,1047,739,7,24
233.800003,0,94.599998,197.899994,4.6,947,852.200012,28,22.84
331,0,0,192,0,978,825,3,13.52
212.5,0,100.400002,159.300003,8.7,1007.799988,903.599976,100,42.919998
146,230,0,202,3,827,872,28,33.060001
342,38,0,228,0,932,670,90,50.459999
250.199997,166.800003,0,203.5,0,977.599976,694.099976,28,36.959999
170.300003,155.5,0,185.699997,0,1026.599976,724.299988,28,25.73
190.300003,0,125.199997,166.600006,9.9,1079,798.900024,100,33.560001
255,99,77,189,6,919,749,28,33.799999
122.599998,183.899994,0,203.5,0,958.200012,800.099976,28,24.290001
231.800003,0,121.599998,174,6.7,1056.400024,778.5,28,33.73
213.5,0,174.199997,154.600006,11.7,1052.300049,775.5,3,17.370001
290.399994,0,96.199997,168.100006,9.4,961.200012,865,28,34.740002
181.399994,0,167,169.600006,7.6,1055.599976,777.799988,28,27.77
173,116,0,192,0,946.799988,856.799988,90,32.099998
173.5,50.099998,173.5,164.800003,6.5,1006.200012,793.5,28,38.200001
167.399994,129.899994,128.600006,175.5,7.8,1006.299988,746.599976,28,41.200001
212.5,0,100.400002,159.300003,8.7,1007.799988,903.599976,3,13.54
167,75.400002,167,164,7.9,1007.299988,770.099976,3,15.52
525,0,0,189,0,1125,613,180,61.919998
166,260,0,183,13,859,827,28,37.91
212.100006,0,121.599998,180.300003,5.7,1057.599976,779.299988,100,39.610001
298.100006,0,107.5,163.600006,12.8,953.200012,784,28,35.869999
385,0,136,158,20,903,768,28,55.549999
183.899994,122.599998,0,203.5,0,959.200012,800,7,10.79
323.700012,282.799988,0,183.800003,10.3,942.700012,659.900024,7,49.799999
165,128.5,132.100006,175.100006,8.1,1005.799988,746.599976,3,19.42
362.600006,189,0,164.899994,11.6,944.700012,755.799988,28,71.300003
284,119.699997,0,168.300003,7.2,970.400024,794.200012,28,40.93
155.199997,183.899994,143.199997,193.800003,9.2,879.599976,698.5,28,28.99
162,207,172,216,10,822,638,28,39.84
157,236,0,192,0,935.400024,781.200012,90,43.380001
264.5,111,86.5,195.5,5.9,832.599976,790.400024,28,41.540001
250,0,95.699997,187.399994,5.5,956.900024,861.200012,14,24.92
212.100006,0,121.599998,180.300003,5.7,1057.599976,779.299988,28,24.9
425,106.300003,0,153.5,16.5,852.099976,887.099976,28,60.290001
374.299988,0,0,190.199997,6.7,1013.200012,730.400024,28,39.060001
359,19,141,154,10.9,942,801,7,35.75
531.299988,0,0,141.800003,28.200001,852.099976,893.700012,56,58.799999
425,106.300003,0,153.5,16.5,852.099976,887.099976,28,60.290001
389.899994,189,0,145.899994,22,944.700012,755.799988,3,40.599998
475,0,0,228,0,932,594,90,42.23
150.899994,0,183.899994,166.600006,11.6,991.200012,772.200012,28,15.57
302,0,0,203,0,974,817,180,26.74
331,0,0,192,0,879,825,3,13.52
132,206.5,160.899994,178.899994,5.5,866.900024,735.599976,28,33.310001
214.899994,53.799999,121.900002,155.600006,9.6,1014.299988,780.599976,14,38.599998
149.5,236,0,175.800003,12.6,846.799988,892.700012,28,32.959999
202,11,141,206,1.7,942,801,56,23.25
139.600006,209.399994,0,192,0,1047,806.900024,28,28.24
500.100006,0,0,200,3,1124.400024,613.200012,28,44.130001
374,189.199997,0,170.100006,10.1,926.099976,756.700012,91,64.900002
230,0,118.300003,195.5,4.6,1029.400024,758.599976,56,31.540001
380,0,0,228,0,932,670,365,52.52
317.899994,0,126.5,209.699997,5.7,860.5,736.599976,28,40.060001
200,133,0,192,0,965.400024,806.200012,3,11.41
194.699997,0,100.5,170.199997,7.5,998,901.799988,28,37.27
251.399994,0,118.300003,188.5,5.8,1028.400024,757.700012,100,43.580002
307,0,0,193,0,968,812,90,32.919998
362.600006,189,0,164.899994,11.6,944.700012,755.799988,7,55.900002
389.899994,189,0,145.899994,22,944.700012,755.799988,28,74.5
350,0,0,203,0,974,775,56,29.98
212,0,124.800003,159,7.8,1085.400024,799.5,14,31.35
152.699997,144.699997,0,178.100006,8,999.700012,822.200012,28,19.01
149,236,0,176,13,847,893,28,32.959999
238,0,0,186,0,1119,789,28,17.540001
122.599998,183.899994,0,203.5,0,958.200012,800.099976,7,10.35
313,0,0,178,8,1000,822,28,25.1
284,15,141,179,5.5,842,801,56,44.52
475,118.800003,0,181.100006,8.9,852.099976,781.5,3,37.799999
230,0,118.300003,195.5,4.6,1029.400024,758.599976,14,20.08
133.100006,210.199997,0,195.699997,3.1,949.400024,795.299988,28,28.940001
349,0,0,192,0,1047,806,360,42.130001
133,200,0,192,0,927.400024,839.200012,3,6.88
300,0,0,184,0,1075,795,28,26.85
145.899994,230.5,0,202.5,3.4,827,871.799988,28,32.720001
167.399994,129.899994,128.600006,175.5,7.8,1006.299988,746.599976,100,53.66
251.800003,0,99.900002,146.100006,12.4,1006,899.799988,3,21.02
190,190,0,228,0,932,670,365,53.689999
158.600006,148.899994,116,175.100006,15,953.299988,719.700012,28,27.68
250,0,95.699997,187.399994,5.5,956.900024,861.200012,28,29.219999
231.800003,0,121.599998,174,6.7,1056.400024,778.5,14,26.77
333,0,0,192,0,931.200012,842.599976,7,23.4
318.799988,212.5,0,155.699997,14.3,852.099976,880.400024,3,25.200001
359,19,141,154,10.9,942,801,7,38.610001
281,0,0,186,0,1104,774,28,22.440001
246.800003,0,125.099998,143.300003,12,1086.800049,800.900024,56,60.32
332.5,142.5,0,228,0,932,594,90,37.720001
165,0,143.600006,163.800003,0,1005.599976,900.900024,28,26.200001
337.899994,189,0,174.899994,9.5,944.700012,755.799988,3,24.1
218.899994,0,124.099998,158.5,11.3,1078.699951,794.900024,56,37.27
214.899994,53.799999,121.900002,155.600006,9.6,1014.299988,780.599976,100,56.630001
349,0,0,192,0,1047,806.900024,3,15.05
284,15,141,179,5.5,842,801,28,43.73
288.399994,121,0,177.399994,7,907.900024,829.5,28,42.139999
157,236,0,192,0,935.400024,781.200012,7,16.889999
359,19,141,154,10.9,942,801,56,66.779999
315,137,0,145,5.9,1130,745,28,81.75
393,0,0,192,0,940.599976,785.599976,7,27.74
436,0,0,218,0,838.400024,719.700012,28,23.85
491,26,123,210,3.9,882,699,56,59.59
280,129,100,172,9,825,805,28,52.82
480,0,0,192,0,936.200012,712.200012,7,34.57
388.600006,97.099998,0,157.899994,12.1,852.099976,925.700012,28,50.700001
181.899994,272.799988,0,185.699997,0,1012.400024,714.299988,28,27.940001
298.100006,0,107,186.399994,6.1,879,815.200012,28,42.639999
160,128,122,182,6.4,824,879,28,39.400002
155,0,143,193,9,1047,697,28,12.46
295.700012,0,95.599998,171.5,8.9,955.099976,859.200012,28,39.939999
339,0,0,197,0,968,781,365,38.889999
362.600006,189,0,164.899994,11.6,944.700012,755.799988,56,77.300003
198.600006,132.399994,0,192,0,978.400024,825.5,90,38.07
192,288,0,192,0,929.799988,716.099976,3,12.79
397,0,0,185.699997,0,1040.599976,734.299988,28,33.080002
525,0,0,189,0,1125,613,28,55.939999
213.699997,0,174.699997,154.800003,10.2,1053.5,776.400024,56,46.639999
181.399994,0,167,169.600006,7.6,1055.599976,777.799988,14,21.6
213.699997,98.099998,24.5,181.699997,6.9,1065.800049,785.400024,56,50.77
313.299988,262.200012,0,175.5,8.6,1046.900024,611.799988,7,42.799999
251.399994,0,118.300003,192.899994,5.8,1043.599976,754.299988,3,11.98
277,117,91,191,7,946,666,28,43.57
212.100006,0,121.599998,180.300003,5.7,1057.599976,779.299988,3,12.47
355.899994,0,141.600006,193.300003,11,801.400024,778.400024,28,40.869999
190.699997,0,125.400002,162.100006,7.8,1090,804,56,35.34
228,342.100006,0,185.699997,0,955.799988,674.299988,28,39.700001
173,116,0,192,0,946.799988,856.799988,3,6.94
198.600006,132.399994,0,192,0,978.400024,825.5,28,28.02
173,116,0,192,0,946.799988,856.799988,7,11.39
168,42.099998,163.800003,121.800003,5.7,1058.699951,780.099976,100,39.23
193.5,290.200012,0,185.699997,0,998.200012,704.299988,7,17.200001
362.600006,189,0,164.899994,11.6,944.700012,755.799988,91,79.300003
342,38,0,228,0,932,670,365,56.139999
289,0,0,192,0,913.200012,895.299988,3,11.65
281,0,0,186,0,1104,774,7,14.5
213.800003,98.099998,24.5,181.699997,6.7,1066,785.5,14,17.84
222.399994,0,96.699997,189.300003,4.5,967.099976,870.299988,56,29.450001
475,0,0,228,0,932,594,180,42.619999
251.399994,0,118.300003,188.5,6.4,1028.400024,757.700012,56,36.639999
213.800003,98.099998,24.5,181.699997,6.7,1066,785.5,3,13.18
289,0,0,192,0,913.200012,895.299988,28,25.57
531.299988,0,0,141.800003,28.200001,852.099976,893.700012,3,41.299999
310,142.800003,0,167.899994,10,914.299988,804,28,45.299999
250.199997,166.800003,0,203.5,0,977.599976,694.099976,7,19.35
218.899994,0,124.099998,158.5,11.3,1078.699951,794.900024,100,46.23
108.300003,162.399994,0,203.5,0,938.200012,849,28,20.59
475,118.800003,0,181.100006,8.9,852.099976,781.5,91,74.190002
213.5,0,174.199997,159.199997,11.7,1043.599976,771.900024,28,44.639999
144.800003,0,133.600006,180.800003,11.1,979.5,811.5,28,13.2
339,0,0,197,0,968,781,180,36.450001
339,0,0,197,0,968,781,28,32.040001
349,0,0,192,0,1056,809,120,40.860001
167.399994,129.899994,128.600006,175.5,7.8,1006.299988,746.599976,14,31.809999
275,180,120,162,10.4,830,765,28,76.239998
251.399994,0,118.300003,188.5,6.4,1028.400024,757.700012,14,24.43
277,0,0,191,0,968,856,360,33.700001
158,0,195,220,11,898,713,28,8.54
194.699997,0,100.5,170.199997,7.5,998,901.799988,56,43.389999
116,173,0,192,0,909.799988,891.900024,3,6.28
350,0,0,203,0,974,775,90,31.35
252.300003,0,98.800003,146.300003,14.2,987.799988,889,100,60.950001
296,0,0,192,0,1085,765,28,21.65
332.5,142.5,0,228,0,932,594,180,39.779999
286.299988,200.899994,0,144.699997,11.2,1004.599976,803.700012,56,72.989998
313,161,0,178,10,917,759,28,52.439999
153,145,0,178,8,1000,822,28,19.01
380,95,0,228,0,932,594,180,40.759998
146,173,0,182,3,986,817,28,23.74
260.899994,100.5,78.300003,200.600006,8.6,864.5,761.5,28,32.400002
450.100006,50,0,200,3,1124.400024,613.200012,28,39.380001
325,0,0,184,0,1063,783,7,17.540001
323.700012,282.799988,0,183.800003,10.3,942.700012,659.900024,28,74.699997
133,210,0,196,3,949,795,28,31.030001
323.700012,282.799988,0,183.800003,10.3,942.700012,659.900024,3,28.299999
451,0,0,165,11.3,1030,745,28,78.800003
397,17.200001,158,167,20.799999,967,633,28,55.650002
149,117.599998,91.699997,182.899994,7.1,953.400024,780.299988,28,23.52
305.299988,203.5,0,203.5,0,965.400024,631,28,43.380001
155.600006,243.5,0,180.300003,10.7,1022,697.700012,28,37.360001
165,0,143.600006,163.800003,0,1005.599976,900.900024,14,16.879999
379.5,151.199997,0,153.899994,15.9,1134.300049,605,7,47.099998
260,101,78,171,10,936,763,28,49.77
480,0,0,192,0,936,721,28,43.889999
362.600006,189,0,164.899994,11.6,944.700012,755.799988,7,55.900002
200,133,0,192,0,965.400024,806.200012,90,43.25
192,288,0,192,0,929.799988,716.099976,7,21.48
230,0,118.300003,195.5,4.6,1029.400024,758.599976,100,35.34
310,0,0,192,0,1012,830,7,17.24
540,0,0,173,0,1125,613,28,67.309998
218.899994,0,124.099998,158.5,11.3,1078.699951,794.900024,3,15.34
380,0,0,228,0,932,670,180,53.099998
192,288,0,192,0,929.799988,716.099976,28,39.32
290.399994,0,96.199997,168.100006,9.4,961.200012,865,100,48.970001
148.100006,0,182.100006,181.399994,15,838.900024,884.299988,28,15.53
475,0,59,142,1.9,1098,641,28,57.23
322.200012,0,115.599998,196,10.4,817.900024,813.400024,28,31.18
295.799988,0,0,185.699997,0,1091.400024,769.299988,28,25.219999
251.399994,0,118.300003,188.5,5.8,1028.400024,757.700012,56,36.970001
167,187,195,185,7,898,636,28,23.889999
362.600006,189,0,164.899994,11.6,944.700012,755.799988,3,35.299999
334,17.6,158,189,15.3,967,633,28,44.330002
236.899994,91.699997,71.5,246.899994,6,852.900024,695.400024,28,28.629999
355,19,97,145,13.1,967,871,28,44.029999
160.199997,188,146.399994,203.199997,11.3,828.700012,709.700012,28,35.310001
116,173,0,192,0,909.799988,891.900024,7,10.09
151,0,185,167,16,1074,678,28,13.46
254,0,0,198,0,968,863,365,29.790001
310,0,0,192,0,971,850.599976,3,9.87
190,190,0,228,0,932,670,180,46.93
393,0,0,192,0,940,758,28,39.580002
186.199997,124.099998,0,185.699997,0,1083.400024,764.299988,7,8
289,0,0,192,0,913.200012,895.299988,90,32.07
277.100006,0,97.400002,160.600006,11.8,973.900024,875.599976,28,48.279999
122.599998,183.899994,0,203.5,0,958.200012,800.099976,90,33.189999
236,157,0,192,0,972.599976,749.099976,90,47.779999
425,106.300003,0,153.5,16.5,852.099976,887.099976,91,65.199997
200,133,0,192,0,965.400024,806.200012,7,17.17
251.399994,0,118.300003,188.5,6.4,1028.400024,757.700012,3,13.12
143.600006,0,174.899994,158.399994,17.9,942.700012,844.5,28,15.42
475,0,0,228,0,932,594,270,42.130001
313.299988,0,113,178.5,8,1001.900024,688.700012,28,36.799999
356,0,142,193,11,801,778,28,40.869999
145,116,119,184,5.7,833,880,28,29.16
359,19,141,154,10.9,942,801,3,25.120001
336.5,0,0,181.899994,3.4,985.799988,816.799988,28,44.869999
336,0,0,182,3,986,817,28,44.860001
277.100006,0,97.400002,160.600006,11.8,973.900024,875.599976,56,51.040001
491,26,123,210,3.9,882,699,7,33.490002
116,173,0,192,0,909.799988,891.900024,28,22.35
427.5,47.5,0,228,0,932,594,7,35.080002
236,0,0,193,0,968,885,365,25.08
222.399994,0,96.699997,189.300003,4.5,967.099976,870.299988,14,24.450001
213.800003,98.099998,24.5,181.699997,6.7,1066,785.5,28,40.23
401.799988,94.699997,0,147.399994,11.4,946.799988,852.099976,28,68.5
302,0,0,203,0,974,817,28,21.75
153.100006,145,113,178.5,8,867.200012,824,28,26.23
228,342.100006,0,185.699997,0,955.799988,674.299988,7,21.92
236,157,0,192,0,972.599976,749.099976,3,13.57
362.600006,189,0,164.899994,11.6,944.700012,755.799988,56,77.300003
376,0,0,214.600006,0,1003.5,762.400024,100,43.060001
382.5,0,0,185.699997,0,1047.800049,739.299988,7,24.07
303.600006,139.899994,0,213.5,6.2,895.5,722.5,28,33.419998
405,0,0,175,0,1120,695,28,52.299999
218.899994,0,124.099998,158.5,11.3,1078.699951,794.900024,14,26.049999
362.600006,189,0,164.899994,11.6,944.700012,755.799988,7,22.9
298,0,107,210,11,880,744,28,31.870001
200,133,0,192,0,965.400024,806.200012,28,30.440001
425,106.300003,0,151.399994,18.6,936,803.700012,56,64.900002
359,19,141,154,10.9,942,801,3,23.639999
250,180,95,159,9.5,860,800,28,67.870003
313.299988,262.200012,0,175.5,8.6,1046.900024,611.799988,56,64.900002
362.600006,189,0,164.899994,11.6,944.700012,755.799988,91,79.300003
167.399994,129.899994,128.600006,175.5,7.8,1006.299988,746.599976,3,14.94
139.699997,163.899994,127.699997,236.699997,5.8,868.599976,655.599976,28,35.23
141.899994,166.600006,129.699997,173.5,10.9,882.599976,785.299988,28,44.610001
157,214,152,200,9,819,704,28,33.049999
159,187,0,176,11,990,789,28,32.759998
313,145,0,178,8,867,824,28,44.389999
540,0,0,173,0,1125,613,90,69.660004
182,45.200001,122,170.199997,8.2,1059.400024,780.700012,28,31.27
251.399994,0,118.300003,188.5,6.4,1028.400024,757.700012,28,32.66
381.399994,0,0,185.699997,0,1104.599976,784.299988,28,22.49
251.399994,0,118.300003,188.5,6.4,1028.400024,757.700012,100,44.209999
439,177,0,186,11.1,884.900024,707.900024,56,71.699997
380,0,0,228,0,932,670,270,53.299999
288,192,0,192,0,932,717.799988,3,16.110001
238.100006,0,94.099998,186.699997,7,949.900024,847,56,39.59
237.5,237.5,0,228,0,932,594,180,36.25
424,22,132,168,8.9,822,750,7,40.290001
178,129.800003,118.599998,179.899994,3.6,1007.299988,746.799988,28,39.16
290.399994,0,96.199997,168.100006,9.4,961.200012,865,14,34.669998
382,0,0,185,0,1047,739,28,37.419998
250,0,95.699997,191.800003,5.3,948.900024,857.200012,3,8.49
425,106.300003,0,151.399994,18.6,936,803.700012,7,46.799999
190.300003,0,125.199997,166.600006,9.9,1079,798.900024,28,24.85
238.100006,0,0,185.699997,0,1118.800049,789.299988,7,10.34
295.700012,0,95.599998,171.5,8.9,955.099976,859.200012,3,22.950001
212,141.300003,0,203.5,0,973.400024,750,7,15.03
275.100006,0,121.400002,159.5,9.9,1053.599976,777.5,3,23.799999
321,164,0,190,5,870,774,28,57.209999
425,106.300003,0,153.5,16.5,852.099976,887.099976,3,33.400002
249.100006,0,98.800003,158.100006,12.8,987.799988,889,56,42.029999
387,20,94,157,11.6,938,845,56,61.459999
239.600006,359.399994,0,185.699997,0,941.599976,664.299988,7,25.42
284,120,0,168,7,970,794,28,40.93
236,0,0,194,0,968,885,90,21.950001
362.600006,189,0,164.899994,11.6,944.700012,755.799988,3,35.299999
194.699997,0,100.5,165.600006,7.5,1006.400024,905.900024,100,37.34
159,149,116,175,15,953,720,28,27.68
331,0,0,192,0,1025,821,120,39.380001
331,170,0,195,8,811,802,28,56.610001
164.600006,0,150.399994,181.600006,11.7,1023.299988,728.900024,28,18.030001
213.699997,98.099998,24.5,181.699997,6.9,1065.800049,785.400024,28,45.709999
151,0,184,167,12,991,772,28,15.57
318,0,126,210,6,861,737,28,40.060001
139.600006,209.399994,0,192,0,1047,806.900024,90,39.360001
304.799988,0,99.599998,196,9.8,959.400024,705.200012,28,30.120001
388.600006,97.099998,0,157.899994,12.1,852.099976,925.700012,7,34.900002
375,93.800003,0,126.599998,23.4,852.099976,992.599976,7,45.700001
214.899994,53.799999,121.900002,155.600006,9.6,1014.299988,780.599976,3,18.02
310,0,0,192,0,970,850,7,14.99
250,0,95.699997,191.800003,5.3,948.900024,857.200012,100,41.16
173,116,0,192,0,946.799988,856.799988,28,24.280001
265,111,86,195,6,833,790,28,41.540001
250,0,95.699997,191.800003,5.3,948.900024,857.200012,56,39.639999
424,22,132,178,8.5,822,750,56,65.699997
252.100006,97.099998,75.599998,193.800003,8.3,835.5,821.400024,28,33.400002
337.899994,189,0,174.899994,9.5,944.700012,755.799988,56,59.889999
213.699997,0,174.699997,154.800003,10.2,1053.5,776.400024,28,40.150002
149,153,194,192,8,935,623,28,24.58
393,0,0,192,0,940.599976,785.599976,3,19.200001
229.699997,0,118.199997,195.199997,6.1,1028.099976,757.599976,56,31.35
133,200,0,192,0,927.400024,839.200012,28,27.870001
213.5,0,174.199997,159.199997,11.7,1043.599976,771.900024,56,51.259998
139.600006,209.399994,0,192,0,1047,806.900024,360,44.700001
349,0,0,192,0,1056,809,28,33.610001
238.199997,158.800003,0,185.699997,0,1040.599976,734.299988,28,26.91
168.899994,42.200001,124.300003,158.300003,10.8,1080.800049,796.200012,28,31.120001
277.200012,97.800003,24.5,160.699997,11.2,1061.699951,782.5,14,47.709999
295,0,0,185,0,1069,769,7,14.8
427.5,47.5,0,228,0,932,594,365,43.700001
446,24,79,162,11.6,967,712,7,52.009998
190.699997,0,125.400002,162.100006,7.8,1090,804,14,21.059999
313.299988,262.200012,0,175.5,8.6,1046.900024,611.799988,91,66.599998
167,75.400002,167,164,7.9,1007.299988,770.099976,14,32.900002
424,22,132,178,8.5,822,750,28,62.049999
251.800003,0,99.900002,146.100006,12.4,1006,899.799988,100,45.369999
480,0,0,192,0,936,721,3,24.389999
102,153,0,192,0,887,942,3,4.57
148,0,182,181,15,839,884,28,15.52
237,92,71,247,6,853,695,28,28.629999
393,0,0,192,0,940,758,90,48.790001
480,0,0,192,0,936,721,90,54.279999
304,140,0,214,6,895,722,28,33.419998
144,136,106,178,7,941,774,28,26.139999
387,20,94,157,14.3,938,845,3,22.75
349,0,0,192,0,1047,806,180,41.049999
331,0,0,192,0,978,825,360,41.240002
379.5,151.199997,0,153.899994,15.9,1134.300049,605,91,56.5
210.699997,316.100006,0,185.699997,0,977,689.299988,28,37.810001
136,196,98,199,6,847,783,28,26.969999
145,0,134,181,11,979,812,28,13.2
376,0,0,214.600006,0,1003.5,762.400024,56,36.299999
152.600006,238.699997,0,200,6.3,1001.799988,683.900024,28,26.860001
